{
    "isPlaying": false,
    "colliders": [
        {
            "posX": 29.130186,
            "posY": 6.156599,
            "deltaX": 4.161455,
            "deltaY": -1
        },
        {
            "posX": 16.44434,
            "posY": 7.6243405,
            "deltaX": 3.288868,
            "deltaY": 1.2707235
        },
        {
            "posX": 32.171825,
            "posY": 15.968014,
            "deltaX": 0.17182617,
            "deltaY": 3.9680214
        },
        {
            "posX": 36.828175,
            "posY": 7.2319775,
            "deltaX": 2.8281739,
            "deltaY": -2.0680215
        }
    ]
}